,Name,Location,Price,Kms_driven,Fuel_type,Year,Company
0,Ford Figo Duratec,Bangalore,380000,35056, Petrol,2015,Ford
1,Maruti Suzuki Wagon,Bangalore,465000,44000, Petrol,2016,Maruti
2,Hyundai Creta 1.6,Bangalore,1350000,42917, Petrol,2018,Hyundai
3,Hyundai Venue -,Chennai,1019699,16112, Petrol ,2019,Hyundai
4,Honda Jazz -,Pune,713499,30988, Petrol ,2017,Honda
5,Hyundai i20 -,Pune,391099,69163, Diesel ,2013,Hyundai
6,Maruti Suzuki Swift,Pune,474299,42859, Petrol ,2015,Maruti
7,Toyota Corolla Altis,Pune,1252999,34919, Petrol ,2017,Toyota
8,Honda Amaze -,Pune,393699,44940, Petrol,2013,Honda
9,Hyundai Elite i20,Pune,730899,13687, Petrol ,2017,Hyundai
10,Maruti Suzuki Alto,Pune,343099,29848, Petrol ,2018,Maruti
11,Honda Jazz -,Pune,707599,21426, Petrol ,2018,Honda
12,Maruti Suzuki Baleno,Pune,688899,68177, Diesel ,2016,Maruti
13,Jeep Compass -,Pune,1421599,70650, Diesel ,2017,Jeep
14,Maruti Suzuki Alto,Pune,399999,25730, Petrol ,2017,Maruti
15,Kia Seltos -,Pune,1473299,47096, Petrol ,2019,Kia
16,Toyota Innova 2.5,Bangalore,1025000,131000, Diesel,2012,Toyota
17,Hyundai Elite i20,Bangalore,735000,26000, Petrol,2016,Hyundai
18,Hyundai Creta 1.6,Chennai,600000,58460, Diesel ,2019,Hyundai
19,Kia Seltos -,Chennai,800000,48000, Petrol ,2020,Kia
20,Maruti Suzuki Ciaz,Hyderabad,700000,26600, Petrol,2017,Maruti
21,Ford EcoSport Titanium,Faridabad,820000,36000, Petrol,2019,Ford
22,Tata Nano Twist,Chennai,195000,39500, Petrol,2014,Tata
23,Audi Q7 3.0,Chennai,1850000,76000, Diesel,2011,Audi
24,Ford Ecosport -,Pune,807499,23698, Petrol ,2017,Ford
25,Hyundai Grand i10,Pune,522999,37860, Petrol ,2016,Hyundai
26,Maruti Suzuki Swift,Pune,474299,91830, Petrol ,2015,Maruti
27,Hyundai Elite i20,Pune,740899,31172, Petrol ,2019,Hyundai
28,Toyota Yaris -,Pune,1141999,3243, Petrol ,2021,Toyota
29,Tata Nexon -,Pune,971299,9616, Petrol ,2020,Tata
30,Maruti Suzuki Baleno,Pune,640999,30249, Petrol ,2017,Maruti
31,Maruti Suzuki Baleno,Pune,676199,60875, Petrol ,2019,Maruti
32,Maruti Suzuki Swift,Chennai,562399,25740, Petrol ,2017,Maruti
33,Ford Ecosport 1.0,Pune,580899,38587, Petrol ,2014,Ford
34,Renault Triber -,Pune,770999,3108, Petrol ,2021,Renault
35,Honda Amaze -,Pune,531399,35353, Petrol ,2016,Honda
36,Hyundai EON Magna,Pune,367299,34748, Petrol ,2017,Hyundai
37,Maruti Suzuki Alto,Pune,412199,2359, Petrol ,2020,Maruti
38,Hyundai Creta S,Pune,1460099,17814, Diesel ,2020,Hyundai
39,Maruti Suzuki Baleno,Pune,618699,68934, Petrol ,2018,Maruti
40,Hyundai i20 Asta,Bangalore,485000,72600, Petrol ,2014,Hyundai
41,BMW 3 Series,Chennai,890000,81000, Diesel,2010,BMW
42,Nissan Micra XV,Chennai,245000,80000, Diesel ,2012,Nissan
43,Toyota Glanza V,Bangalore,945000,12000, Petrol,2020,Toyota
44,Maruti Suzuki Swift,Bangalore,590000,6000, Petrol,2016,Maruti
45,Honda Brio S,Bangalore,495000,56000, Petrol,2017,Honda
46,Maruti Suzuki Wagon,Bangalore,475000,56000, Petrol,2017,Maruti
47,MG Motors Hector,Chennai,1200000,36000, Diesel ,2020,MG
48,Maruti Suzuki Wagon,Pune,490199,15840, Petrol ,2017,Maruti
49,Maruti Suzuki Baleno,Pune,618699,68934, Petrol ,2018,Maruti
50,Maruti Suzuki Vitara,Pune,920999,32482, Diesel ,2017,Maruti
51,Honda City -,Pune,554399,113779, Diesel ,2014,Honda
52,Maruti Suzuki Wagon,Pune,408999,26150, Petrol ,2017,Maruti
53,Mahindra XUV 500,Pune,1248299,34555, Diesel ,2018,Mahindra
54,Maruti Suzuki Baleno,Pune,636099,30880, Petrol ,2018,Maruti
55,Hyundai i20 Asta,Pune,452699,70423, Petrol ,2013,Hyundai
56,Hyundai Elite i20,Pune,704399,30232, Diesel ,2018,Hyundai
57,Volkswagen Polo -,Pune,553599,50077, Petrol ,2016,Volkswagen
58,Ford Ecosport -,Pune,999599,18482, Diesel ,2018,Ford
59,Maruti Suzuki Baleno,Pune,684699,10246, Petrol ,2018,Maruti
60,Maruti Suzuki Baleno,Pune,620399,25021, Petrol ,2016,Maruti
61,Hyundai Elite i20,Pune,549899,70646, Petrol ,2014,Hyundai
62,Maruti Suzuki Vitara,Pune,812899,45490, Diesel ,2018,Maruti
63,Ford Ecosport -,Chennai,656699,53306, Diesel ,2016,Ford
64,Hyundai Creta 1.6,Chennai,725000,58460, Diesel ,2019,Hyundai
65,Hyundai Venue -,Chennai,600000,29000, Diesel ,2019,Hyundai
66,Volvo XC90 D5,Chennai,3700000,110000, Diesel,2016,Volvo
67,Mahindra XUV 500,Chennai,735000,95000, Diesel,2013,Mahindra
68,Toyota Fortuner 3.0,Chennai,1350000,170000, Diesel,2012,Toyota
69,Honda Jazz VX,Pune,365000,80000, Petrol,2013,Honda
70,Hyundai i10 Asta,Pune,280000,58000, Petrol,2011,Hyundai
71,Tata Nexon XM,Pune,840000,22000, Diesel,2019,Tata
72,Hyundai Creta 1.6,Pune,818599,69215, Petrol ,2017,Hyundai
73,Hyundai Verna 1.6,Pune,862399,33340, Petrol ,2018,Hyundai
74,Renault Triber -,Pune,673599,9783, Petrol ,2019,Renault
75,Hyundai Santro Sportz,Pune,528899,15110, Petrol ,2018,Hyundai
76,Maruti Suzuki S,Pune,527999,3399, Petrol ,2021,Maruti
77,Mahindra XUV 500,Pune,791699,89310, Diesel ,2013,Mahindra
78,Maruti Suzuki Wagon,Chennai,392999,53148, Petrol ,2015,Maruti
79,Honda City VX,Pune,690199,42020, Petrol ,2015,Honda
80,Maruti Suzuki Swift,Pune,474699,74594, Diesel ,2013,Maruti
81,MG Motors Hector,Pune,2019899,6110, Petrol ,2021,MG
82,Hyundai Grand i10,Pune,562299,24346, Petrol ,2017,Hyundai
83,Jeep Compass -,Pune,1400999,65668, Diesel ,2017,Jeep
84,Renault Kwid -,Pune,447599,48644, Petrol ,2018,Renault
85,Toyota Innova Crysta,Pune,1814599,36877, Diesel ,2018,Toyota
86,Tata Nexon -,Pune,920399,79673, Diesel ,2018,Tata
87,Maruti Suzuki Swift,Pune,447599,54352, Petrol ,2014,Maruti
88,Tata Zest XMS,Pune,390000,64000, Diesel,2016,Tata
89,Ford Freestyle TITANIUM,Kanchipuram,650000,54000, Diesel,2018,Ford
90,Maruti Suzuki Swift,Chennai,575000,40000, Petrol,2017,Maruti
91,Mahindra Xylo -,Kozhikode,525000,107000, Diesel ,2015,Mahindra
92,Mahindra Xylo -,Kozhikode,525000,107000, Diesel ,2015,Mahindra
93,BMW 5 Series,Kolkata,1000000,38000, Diesel,2011,BMW
94,Hyundai i20 Magna,Bangalore,325000,86000, Petrol,2010,Hyundai
95,Jeep Compass Limited,Mumbai,3000000,10000, Diesel,2021,Jeep
96,Maruti Suzuki Alto,Pune,343299,48658, Petrol ,2017,Maruti
97,MG Motors Hector,Pune,1711499,11998, Petrol ,2020,MG
98,Maruti Suzuki Vitara,Pune,918799,32513, Diesel ,2018,Maruti
99,Hyundai Grand i10,Pune,526399,21372, Petrol ,2016,Hyundai
100,Volkswagen Vento -,Pune,881099,34178, Petrol ,2017,Volkswagen
101,Kia Seltos -,Pune,1764199,20547, Petrol ,2019,Kia
102,Maruti Suzuki Baleno,Pune,639199,34731, Petrol ,2016,Maruti
103,Hyundai Grand i10,Pune,522999,30536, Petrol ,2016,Hyundai
104,MG Motors Hector,Bangalore,1917599,10205, Diesel ,2019,MG
105,Maruti Suzuki Wagon,Pune,466599,25483, Petrol ,2017,Maruti
106,Toyota Corolla Altis,Pune,1397699,39113, Petrol ,2017,Toyota
107,Maruti Suzuki Ignis,Pune,504399,43152, Petrol ,2017,Maruti
108,MG Motors Hector,Pune,1920399,5325, Petrol ,2020,MG
109,Ford Ecosport -,Pune,917599,44705, Petrol ,2018,Ford
110,Toyota Etios -,Pune,319099,70022, Petrol ,2011,Toyota
111,Maruti Suzuki Celerio,Pune,484399,47435, Petrol ,2017,Maruti
112,Volkswagen Polo HIGHLINE1.2L,Chennai,290000,89000, Petrol,2010,Volkswagen
113,Mahindra Thar DI,Chennai,1790000,9826, Petrol,2021,Mahindra
114,Ford EcoSport Trend,Chennai,650000,83000, Diesel,2017,Ford
115,Honda City 1.5,Lucknow,73000,195000, Petrol ,2001,Honda
116,Toyota Innova Crysta,Chennai,2200000,35000, Diesel,2019,Toyota
117,Hyundai Verna 1.6,Coimbatore,1550000,13000, Petrol ,2022,Hyundai
118,Mahindra e2o T2,Bangalore,420000,46000, Electric ,2016,Mahindra
119,Toyota Fortuner 4x4,Kolkata,1595000,72000, Diesel ,2015,Toyota
120,Hyundai Xcent -,Pune,573499,29026, Petrol ,2016,Hyundai
121,Hyundai Creta 1.6,Pune,879199,59258, Petrol ,2015,Hyundai
122,Mahindra XUV 500,Pune,733399,120399, Diesel ,2014,Mahindra
123,Maruti Suzuki Vitara,Pune,967599,28853, Diesel ,2018,Maruti
124,Honda City -,Pune,1539299,9811, Petrol ,2020,Honda
125,Hyundai i20 Active,Pune,561499,43538, Petrol ,2015,Hyundai
126,Hyundai Creta -,Pune,1042699,66400, Petrol ,2017,Hyundai
127,Maruti Suzuki S,Pune,1032099,59341, Diesel ,2017,Maruti
128,Hyundai Creta -,Pune,903499,56246, Petrol ,2016,Hyundai
129,Honda Amaze -,Pune,472499,35944, Petrol ,2014,Honda
130,Honda WR V,Pune,771299,17699, Petrol ,2018,Honda
131,Maruti Suzuki Wagon,Pune,447099,41065, Petrol ,2017,Maruti
132,Renault Kwid -,Pune,504599,2311, Petrol ,2019,Renault
133,Hyundai Grand i10,Pune,620999,2991, Petrol ,2018,Hyundai
134,Hyundai Grand i10,Pune,433999,29762, Petrol ,2015,Hyundai
135,Skoda Rapid -,Pune,627499,91917, Diesel ,2016,Skoda
136,Maruti Suzuki Swift,Delhi,360000,0, Diesel,2014,Maruti
137,Toyota Fortuner 3.0,Bangalore,1375000,131000, Diesel,2012,Toyota
138,Maruti Suzuki 800,Chennai,69000,85000, Petrol,2000,Maruti
139,Tata Nano -,Chennai,89000,37000, Petrol,2011,Tata
140,Tata Indica -,Chennai,89000,67000, Diesel,2011,Tata
141,Audi Q7 3.0,Mumbai,2200000,120000, Diesel,2013,Audi
142,Jaguar XJ L,Mumbai,4425000,71000, Diesel,2016,Jaguar
143,Mercedes Benz GL,Mumbai,4450000,105000, Diesel,2016,Mercedes
144,Renault Kwid -,Pune,504599,2311, Petrol ,2019,Renault
145,Maruti Suzuki Dzire,Pune,704199,30771, Petrol ,2018,Maruti
146,Hyundai Santro Sportz,Pune,513099,29488, Petrol ,2018,Hyundai
147,Renault Kwid -,Pune,469399,36559, Petrol ,2019,Renault
148,Honda WR V,Pune,844199,38242, Diesel ,2018,Honda
149,Maruti Suzuki Ignis,Pune,544799,66426, Petrol ,2017,Maruti
150,Volkswagen Polo -,Pune,710899,16950, Petrol ,2018,Volkswagen
151,Maruti Suzuki Baleno,Pune,580599,18866, Petrol ,2016,Maruti
152,Maruti Suzuki Swift,Pune,638499,53245, Diesel ,2017,Maruti
153,Hyundai Verna -,Pune,654699,44543, Petrol ,2016,Hyundai
154,Maruti Suzuki S,Pune,894199,50128, Diesel ,2018,Maruti
155,Maruti Suzuki S,Pune,858599,56349, Diesel ,2018,Maruti
156,Maruti Suzuki S,Pune,992199,69524, Diesel ,2017,Maruti
157,Volkswagen Polo -,Pune,714999,41218, Petrol ,2017,Volkswagen
158,Maruti Suzuki Baleno,Pune,765599,9085, Petrol ,2020,Maruti
159,MG Motors Hector,Bangalore,1800299,11292, Diesel ,2019,MG
160,Mercedes Benz C,Mumbai,1190000,75000, Diesel ,2011,Mercedes
161,Hyundai Creta 1.6,Hyderabad,1452000,28000, Diesel,2018,Hyundai
162,Skoda Rapid Style,Hyderabad,1026000,48000, Diesel,2018,Skoda
163,Maruti Suzuki Ertiga,Hyderabad,821000,51000, Diesel,2017,Maruti
164,Hyundai Grand i10,Chennai,725000,24990, Petrol,2020,Hyundai
165,Maruti Suzuki Ertiga,Delhi,600000,48600, Diesel ,2015,Maruti
166,Maruti Suzuki Alto,Delhi,336000,3600, Petrol ,2019,Maruti
167,Tata Indigo eCS,Nanded,200000,115000, Diesel,2012,Tata
168,Maruti Suzuki Dzire,Pune,680699,29594, Petrol ,2019,Maruti
169,Honda City VX,Pune,714899,55953, Petrol ,2015,Honda
170,Maruti Suzuki Alto,Pune,316799,16980, Petrol ,2016,Maruti
171,Ford Ecosport -,Pune,675099,41828, Diesel ,2016,Ford
172,Maruti Suzuki S,Pune,1057399,64803, Diesel ,2018,Maruti
173,Maruti Suzuki Ertiga,Pune,938099,44460, Diesel ,2018,Maruti
174,Tata Nexon -,Pune,1057699,14276, Diesel ,2018,Tata
175,Maruti Suzuki Wagon,Pune,610099,23425, Petrol ,2019,Maruti
176,Maruti Suzuki Alto,Pune,452199,23056, Petrol ,2018,Maruti
177,Hyundai Elite i20,Pune,712699,16102, Petrol ,2019,Hyundai
178,Maruti Suzuki Vitara,Pune,838699,56615, Diesel ,2019,Maruti
179,Mahindra TUV300 -,Pune,666899,70317, Diesel ,2015,Mahindra
180,MG Motors Hector,Bangalore,1681899,6760, Petrol ,2020,MG
181,MG Motors Hector,Chennai,1854599,8870, Petrol ,2020,MG
182,Maruti Suzuki Baleno,Pune,571499,78209, Petrol ,2016,Maruti
183,Volkswagen Vento -,Pune,589199,64292, Petrol ,2015,Volkswagen
184,Toyota Innova Crysta,Chennai,2350000,57000, Diesel,2020,Toyota
185,Toyota Fortuner -,Chennai,3650000,42000, Diesel,2019,Toyota
186,Toyota Innova 2.5,Hyderabad,445000,141000, Diesel,2011,Toyota
187,Ssangyong Rexton RX7,Malappuram,1231000,82000, Diesel,2017,Ssangyong
188,Toyota Fortuner 3.0,Chandigarh,1231000,117000, Diesel ,2012,Toyota
189,Mahindra TUV300 T8,Chennai,600000,70000, Diesel,2015,Mahindra
190,Hyundai i20 Magna,Bangalore,320000,89450, Diesel ,2011,Hyundai
191,Maruti Suzuki Ertiga,Madurai,1175000,29000, Petrol,2020,Maruti
192,Maruti Suzuki Alto,Pune,351699,58771, Petrol ,2015,Maruti
193,Maruti Suzuki Alto,Pune,299199,53266, Petrol ,2016,Maruti
194,Honda Amaze -,Pune,657199,9200, Petrol ,2019,Honda
195,Ford Ecosport -,Pune,539299,61721, Petrol ,2014,Ford
196,Hyundai Grand i10,Pune,608399,18333, Petrol ,2017,Hyundai
197,Ford Ecosport -,Pune,1042799,51780, Petrol ,2019,Ford
198,Maruti Suzuki Baleno,Pune,645199,30854, Petrol ,2018,Maruti
199,Ford Ecosport -,Pune,811899,24680, Petrol ,2017,Ford
200,Volkswagen Vento -,Pune,557799,85663, Petrol ,2015,Volkswagen
201,Mahindra Bolero -,Pune,873999,20541, Diesel ,2021,Mahindra
202,Hyundai i20 Magna,Pune,278299,64182, Petrol ,2010,Hyundai
203,Maruti Suzuki S,Pune,986399,58819, Diesel ,2017,Maruti
204,Maruti Suzuki Wagon,Pune,610099,32057, Petrol ,2019,Maruti
205,Jeep Compass -,Pune,1749899,18403, Petrol ,2018,Jeep
206,Maruti Suzuki Alto,Pune,443899,7877, Petrol ,2018,Maruti
207,Hyundai Verna 1.6,Pune,936299,15509, Petrol ,2018,Hyundai
208,Honda Jazz VX,Madurai,850000,15000, Petrol,2018,Honda
209,Maruti Suzuki Ignis,Madurai,595000,75000, Diesel,2017,Maruti
210,Hyundai i10 Magna,Mumbai,175000,62000, Petrol,2008,Hyundai
211,Hyundai Creta 1.6,Chennai,930000,134500, Diesel,2018,Hyundai
212,Toyota Fortuner 3.0,BolpurSantiniketan,1500000,63896, Diesel,2012,Toyota
213,Mahindra Scorpio -,Chennai,159000,90000, Diesel,2005,Mahindra
214,Maruti Suzuki Alto,Chennai,69000,58000, Petrol,2007,Maruti
215,Ford Ikon -,Chennai,69000,85000, Diesel,2008,Ford
216,Maruti Suzuki Baleno,Pune,580599,48329, Petrol ,2016,Maruti
217,Renault Kwid RXT,Pune,404499,21301, Petrol ,2019,Renault
218,Maruti Suzuki Vitara,Pune,838699,34566, Diesel ,2019,Maruti
219,Renault Kwid -,Pune,446499,34297, Petrol ,2018,Renault
220,Tata Hexa -,Pune,1047499,119571, Diesel ,2017,Tata
221,Maruti Suzuki Alto,Pune,345599,27957, Petrol ,2018,Maruti
222,Ford Ecosport -,Pune,784399,27210, Petrol ,2018,Ford
223,Maruti Suzuki Swift,Pune,489399,21610, Petrol ,2014,Maruti
224,Maruti Suzuki Baleno,Pune,627499,40902, Petrol ,2017,Maruti
225,Maruti Suzuki Alto,Pune,288399,11057, Petrol ,2015,Maruti
226,Maruti Suzuki Baleno,Pune,573999,72505, Petrol ,2016,Maruti
227,Hyundai Creta -,Pune,1373699,31338, Petrol ,2018,Hyundai
228,Maruti Suzuki Alto,Pune,279799,28674, Petrol ,2016,Maruti
229,Hyundai Elite i20,Pune,658199,25416, Petrol ,2018,Hyundai
230,Hyundai Grand i10,Pune,465499,14765, Petrol ,2016,Hyundai
231,Toyota Etios -,Pune,563999,60380, Diesel ,2015,Toyota
232,Hyundai Santro -,Chennai,59000,85000, Petrol,2001,Hyundai
233,Hyundai Getz -,Chennai,119000,73000, Petrol,2006,Hyundai
234,Hyundai Santro Xing,Chennai,69000,85000, Petrol,2004,Hyundai
235,Hyundai Santro -,Chennai,89000,85000, Petrol,2002,Hyundai
236,Ford Figo -,Chennai,129000,86000, Diesel,2012,Ford
237,Toyota Fortuner 2.8,Lucknow,2931000,55000, Diesel,2019,Toyota
238,Mahindra Bolero ZLX,Chennai,790000,79950, Diesel,2018,Mahindra
239,Fiat Linea Emotion,Chennai,200000,75000, Diesel,2009,Fiat
240,Maruti Suzuki Baleno,Pune,718699,19775, Petrol ,2018,Maruti
241,Tata Tiago -,Pune,543399,28495, Petrol ,2018,Tata
242,Hyundai Creta -,Pune,1780399,28344, Diesel ,2020,Hyundai
243,Toyota Glanza -,Pune,757999,10801, Petrol ,2020,Toyota
244,Tata Nexon -,Pune,1013999,4365, Petrol ,2019,Tata
245,Maruti Suzuki Celerio,Pune,439999,53266, Diesel ,2016,Maruti
246,Maruti Suzuki S,Pune,839199,50866, Diesel ,2018,Maruti
247,Maruti Suzuki Alto,Pune,421799,24230, Petrol ,2019,Maruti
248,Maruti Suzuki Baleno,Pune,580599,64275, Petrol ,2016,Maruti
249,Hyundai Venue -,Pune,986799,8924, Petrol ,2019,Hyundai
250,MG Motors Hector,Pune,2057399,12208, Petrol ,2021,MG
251,Honda City V,Pune,1082299,26956, Petrol ,2018,Honda
252,Hyundai Grand i10,Pune,576999,12223, Petrol ,2017,Hyundai
253,Hyundai Grand i10,Pune,533199,23960, Petrol ,2016,Hyundai
254,Maruti Suzuki Wagon,Pune,473299,33687, Petrol ,2015,Maruti
255,MG Motors Hector,Pune,1838399,24887, Petrol ,2020,MG
256,Toyota Innova 2.5,Mumbai,800000,74000, Diesel ,2013,Toyota
257,Nissan Micra XE,Bhubaneswar,199000,40000, Petrol,2011,Nissan
258,Hyundai Creta 1.6,Pune,1750000,45000, Diesel,2020,Hyundai
259,Maruti Suzuki Swift,Chennai,595000,41000, Diesel,2018,Maruti
260,BMW 3 Series,Mumbai,1890000,61000, Diesel ,2015,BMW
261,Jaguar XF 2.2,Mumbai,2150000,20000, Diesel ,2014,Jaguar
262,Hyundai Verna Fluidic,Mumbai,699000,26000, Petrol ,2015,Hyundai
263,Hyundai Grand i10,Pune,451799,71423, Petrol ,2015,Hyundai
264,Hyundai Grand i10,Pune,446999,34095, Petrol ,2015,Hyundai
265,Maruti Suzuki Wagon,Pune,470799,32658, Petrol ,2016,Maruti
266,Maruti Suzuki Ignis,Pune,511799,33166, Petrol ,2017,Maruti
267,Maruti Suzuki Wagon,Chennai,399899,31284, Petrol ,2014,Maruti
268,Maruti Suzuki Wagon,Pune,375999,66090, Petrol ,2015,Maruti
269,Ford Ecosport -,Pune,664799,51295, Petrol ,2016,Ford
270,Maruti Suzuki Baleno,Pune,617799,48693, Petrol ,2016,Maruti
271,Maruti Suzuki Ciaz,Pune,749299,36626, Diesel ,2017,Maruti
272,Renault Duster -,Pune,795799,55752, Diesel ,2016,Renault
273,Tata Tigor -,Pune,543499,49341, Diesel ,2017,Tata
274,Maruti Suzuki Alto,Chennai,317199,60251, Petrol ,2015,Maruti
275,Maruti Suzuki Alto,Pune,373699,22269, Petrol ,2015,Maruti
276,Volkswagen Ameo -,Pune,501799,38999, Petrol ,2016,Volkswagen
277,Maruti Suzuki Vitara,Pune,838699,29110, Diesel ,2019,Maruti
278,Hyundai Creta -,Pune,1804399,14506, Petrol ,2020,Hyundai
279,Chevrolet Beat LT,Bangalore,175000,55000, Petrol,2010,Chevrolet
280,Tata Hexa XM,Madurai,1200000,60000, Diesel,2018,Tata
281,Toyota Corolla H5,Chennai,170000,80000, Petrol,2006,Toyota
282,Maruti Suzuki Wagon,Chennai,360000,36000, Petrol,2014,Maruti
283,Hyundai Xcent 1.2,Chennai,299000,95000, Diesel ,2016,Hyundai
284,Ford Figo 1.5,Chennai,176000,88000, Diesel ,2010,Ford
285,Maruti Suzuki Wagon,Chennai,325000,60000, Petrol ,2014,Maruti
286,Hyundai Creta -,Pune,1804399,14506, Petrol ,2020,Hyundai
287,Maruti Suzuki S,Pune,985299,29115, Diesel ,2017,Maruti
288,Maruti Suzuki Baleno,Pune,642899,34763, Petrol ,2017,Maruti
289,Maruti Suzuki Ciaz,Chennai,740000,12500, Diesel ,2015,Maruti
290,Maruti Suzuki Baleno,Pune,610000,85000, Petrol,2017,Maruti
291,Hyundai Grand i10,Pune,495000,40000, Petrol,2016,Hyundai
292,Hyundai Verna 1.6,Pune,510000,71000, Petrol,2014,Hyundai
293,Maruti Suzuki Baleno,Pune,560000,44000, Petrol,2017,Maruti
294,Toyota Innova 2.0,Pune,455000,124000, Diesel,2009,Toyota
295,Maruti Suzuki Wagon,Pune,350000,78000, CNG,2012,Maruti
296,Renault Kwid CLIMBER,Bangalore,463099,44696, Petrol ,2017,Renault
297,Maruti Suzuki Alto,Pune,350599,33004, Petrol ,2018,Maruti
298,Hyundai Verna Fluidic,Chennai,636299,46034, Petrol ,2016,Hyundai
299,Hyundai Grand i10,Chennai,698199,60307, Petrol ,2020,Hyundai
300,Hyundai Grand i10,Chennai,764199,8825, Petrol ,2021,Hyundai
301,Maruti Suzuki Celerio,Chennai,524799,5743, Petrol ,2019,Maruti
302,Ford EcoSport Ambiente,Chennai,420000,87000, Diesel ,2013,Ford
303,Kia Seltos GTX,Bangalore,1831000,19500, Petrol,2020,Kia
304,Chevrolet Beat LS,Chennai,210000,60000, Petrol,2010,Chevrolet
305,Volkswagen Vento Highline,Chennai,465000,70000, Petrol,2013,Volkswagen
306,Audi Q7 35,Chennai,2250000,65000, Diesel,2017,Audi
307,Maruti Suzuki Ertiga,Chennai,1090000,35623, Petrol,2020,Maruti
308,Toyota Innova -,Bangalore,375000,160000, Petrol,2005,Toyota
309,Hyundai i20 Sportz,Chennai,225000,98500, Petrol,2009,Hyundai
310,Maruti Suzuki Celerio,Chennai,524799,5743, Petrol ,2019,Maruti
311,Maruti Suzuki Eeco,Chennai,493899,25735, Petrol ,2019,Maruti
312,Hyundai Elite i20,Chennai,825299,37522, Petrol ,2019,Hyundai
313,Maruti Suzuki Wagon,Chennai,495499,38955, Petrol ,2018,Maruti
314,Hyundai Eon Era,Chennai,277599,65308, Petrol ,2014,Hyundai
315,Maruti Suzuki Wagon,Chennai,473899,30467, Petrol ,2017,Maruti
316,Hyundai Venue S,Chennai,855299,1954, Petrol ,2019,Hyundai
317,Hyundai Santro 1.1,Chennai,540299,35220, Petrol ,2019,Hyundai
318,Hyundai Elite i20,Chennai,642899,75876, Petrol ,2016,Hyundai
319,Maruti Suzuki Alto,Chennai,442299,27020, Petrol ,2021,Maruti
320,Renault Triber 1.0,Chennai,725399,13739, Petrol ,2019,Renault
321,Maruti Suzuki Wagon,Chennai,558299,21544, Petrol ,2019,Maruti
322,Maruti Suzuki Alto,Chennai,354299,13816, Petrol ,2016,Maruti
323,Hyundai Elite i20,Chennai,673599,23817, Petrol ,2016,Hyundai
324,Hyundai Grand i10,Chennai,525099,60985, Petrol ,2017,Hyundai
325,Hyundai Verna SX,Chennai,525000,80000, Diesel,2012,Hyundai
326,Volkswagen Polo Comfortline,Chennai,675000,30123, Petrol,2018,Volkswagen
327,Renault Kwid RXT,Chennai,325000,67000, Petrol,2016,Renault
328,Renault Triber RXT,Chennai,645000,26123, Petrol,2020,Renault
329,Maruti Suzuki Ertiga,Chennai,785000,60123, Petrol,2017,Maruti
330,Mahindra TUV300 T8,Chennai,690000,52123, Diesel,2016,Mahindra
331,Maruti Suzuki Celerio,Chennai,425000,11123, Petrol,2018,Maruti
332,Hyundai Elite i20,Chennai,645000,41233, Petrol,2019,Hyundai
333,Maruti Suzuki Swift,Chennai,529699,50141, Petrol ,2016,Maruti
334,Maruti Suzuki Ertiga,Bangalore,1081899,86033, Diesel,2018,Maruti
335,Fiat Linea Dynamic,Kolkata,256000,30000, Petrol ,2012,Fiat
336,Honda City ZX,Bangalore,290000,86924, Petrol,2008,Honda
337,Volkswagen Polo GT,Bangalore,735000,68870, Petrol,2016,Volkswagen
338,Maruti Suzuki XL6,Bangalore,1244799,22292, Petrol ,2019,Maruti
339,Honda Amaze -,Bangalore,474399,44013, Petrol ,2014,Honda
340,Maruti Suzuki Wagon,Bangalore,389399,96250, Petrol ,2016,Maruti
341,Maruti Suzuki Swift,Chennai,562399,59839, Petrol ,2017,Maruti
342,Hyundai Grand i10,Chennai,446699,49693, Petrol ,2015,Hyundai
343,Renault Kwid RXT,Bangalore,439999,22223, Petrol ,2017,Renault
344,Honda Amaze -,Bangalore,918999,8030, Petrol ,2021,Honda
345,Volkswagen Polo -,Bangalore,815799,38780, Petrol ,2016,Volkswagen
346,Maruti Suzuki Vitara,Bangalore,896799,31919, Diesel ,2018,Maruti
347,Hyundai i10 Sportz,Bangalore,411399,47564, Petrol ,2015,Hyundai
348,Hyundai Grand i10,Bangalore,498999,42836, Petrol ,2013,Hyundai
349,Renault Kwid RXT,Chennai,470000,6000, Petrol,2020,Renault
350,Tata Indica -,Chennai,69000,85000, Diesel,2007,Tata
351,Mahindra TUV300 T8,Madurai,925000,27000, Diesel,2018,Mahindra
352,Mahindra Scorpio LX,Chennai,495000,690000, Diesel,2013,Mahindra
353,Maruti Suzuki Ertiga,Chennai,1090000,35000, Petrol,2020,Maruti
354,Toyota Etios Liva,Delhi,300000,135000, Diesel,2013,Toyota
355,Tata Aria Prestige,Bangalore,450000,115000, Diesel,2012,Tata
356,Ford Figo -,Bangalore,357999,50488, Petrol ,2015,Ford
357,Maruti Suzuki Ignis,Pune,462599,12916, Petrol ,2018,Maruti
358,Hyundai Elite i20,Bangalore,695199,30731, Petrol ,2016,Hyundai
359,Maruti Suzuki Eeco,Bangalore,490399,8825, Petrol ,2019,Maruti
360,Renault Kwid RxL,Bangalore,340099,21627, Petrol ,2016,Renault
361,Maruti Suzuki Ertiga,Bangalore,997899,5580, Petrol ,2020,Maruti
362,Hyundai i10 Sportz,Bangalore,351599,41371, Petrol ,2013,Hyundai
363,Maruti Suzuki Swift,Bangalore,603799,42313, Petrol ,2016,Maruti
364,Hyundai Elite i20,Bangalore,599799,74913, Petrol ,2016,Hyundai
365,Maruti Suzuki Wagon,Bangalore,456099,74760, Petrol ,2018,Maruti
366,Ford Ecosport -,Bangalore,993699,34045, Diesel ,2019,Ford
367,Maruti Suzuki Ritz,Bangalore,312299,143147, Petrol ,2010,Maruti
368,Hyundai Venue -,Bangalore,1221799,28149, Petrol ,2019,Hyundai
369,Maruti Suzuki Swift,Bangalore,522999,38049, Petrol ,2015,Maruti
370,Hyundai EON Magna,Bangalore,323399,78895, Petrol ,2014,Hyundai
371,Hyundai Grand i10,Bangalore,510799,27027, Petrol ,2015,Hyundai
372,Mahindra XUV 500,Pune,750000,66000, Diesel,2013,Mahindra
373,Hyundai Getz GLS,Bangalore,155000,82000, Petrol,2005,Hyundai
374,Maruti Suzuki Swift,Chennai,350000,57000, Petrol,2011,Maruti
375,Honda Amaze 1.5,Pune,410000,71000, Diesel,2014,Honda
376,Hyundai Eon Era,Pune,275000,47000, CNG,2014,Hyundai
377,Hyundai Grand i10,Pune,465000,37000, Petrol,2017,Hyundai
378,Maruti Suzuki Zen,Bangalore,145000,73000, Petrol,2007,Maruti
379,Hyundai Getz GLS,Bangalore,165000,82650, Petrol,2007,Hyundai
380,Maruti Suzuki Vitara,Pune,910799,23940, Petrol ,2020,Maruti
381,Renault Captur -,Chennai,722899,26678, Petrol ,2018,Renault
382,Honda WR V,Pune,809499,41342, Diesel ,2018,Honda
383,Maruti Suzuki Alto,Bangalore,297399,59614, Petrol ,2013,Maruti
384,Maruti Suzuki Alto,Bangalore,411999,39550, Petrol ,2016,Maruti
385,Renault Triber -,Bangalore,623399,28621, Petrol ,2019,Renault
386,Honda Brio -,Bangalore,372399,60437, Petrol ,2013,Honda
387,Maruti Suzuki Wagon,Chennai,518099,26598, Petrol ,2018,Maruti
388,Honda Amaze -,Chennai,485599,62723, Petrol ,2015,Honda
389,Maruti Suzuki Baleno,Chennai,636899,21145, Petrol ,2017,Maruti
390,Hyundai Grand i10,Pune,396999,48699, Petrol ,2013,Hyundai
391,Ford Ecosport -,Pune,980399,10102, Petrol ,2019,Ford
392,Maruti Suzuki Baleno,Bangalore,658999,34881, Petrol ,2017,Maruti
393,Hyundai EON D,Bangalore,304099,53997, Petrol ,2015,Hyundai
394,Maruti Suzuki Alto,Bangalore,362599,49076, Petrol ,2015,Maruti
395,Maruti Suzuki Alto,Bangalore,344199,65951, Petrol ,2014,Maruti
396,Maruti Suzuki Swift,Bangalore,215000,116000, Petrol,2007,Maruti
397,Skoda Rapid 1.5,Bangalore,550000,136000, Diesel ,2015,Skoda
398,Renault Duster 110PS,Pune,550000,85000, Diesel,2013,Renault
399,Hyundai Santro -,Chennai,89000,85000, Petrol,2002,Hyundai
400,Maruti Suzuki Alto,Chennai,79000,85000, Petrol,2001,Maruti
401,Chevrolet Aveo -,Chennai,67000,63000, Petrol,2007,Chevrolet
402,Ford Ikon -,Chennai,59000,73000, Petrol,2009,Ford
403,Maruti Suzuki Wagon,Chennai,69000,85000, Petrol,2007,Maruti
404,Maruti Suzuki Alto,Bangalore,462399,15032, Petrol ,2017,Maruti
405,Maruti Suzuki Alto,Pune,319999,15575, Petrol ,2017,Maruti
406,Maruti Suzuki Swift,Pune,275699,147819, Diesel ,2010,Maruti
407,Hyundai Grand i10,Bangalore,501599,35203, Petrol ,2016,Hyundai
408,Maruti Suzuki Eeco,Bangalore,506599,7597, Petrol ,2020,Maruti
409,Mahindra Scorpio S5,Bangalore,1198599,34883, Diesel ,2018,Mahindra
410,Ford Ecosport -,Bangalore,775499,59580, Diesel ,2017,Ford
411,Maruti Suzuki Ritz,Bangalore,338999,49647, Petrol ,2011,Maruti
412,Hyundai Verna Fluidic,Bangalore,652699,67577, Petrol ,2016,Hyundai
413,Tata Tiago -,Bangalore,535899,10890, Petrol ,2017,Tata
414,Maruti Suzuki Swift,Chennai,492099,57444, Petrol ,2015,Maruti
415,Honda City -,Bangalore,885999,33598, Petrol ,2017,Honda
416,Ford Freestyle -,Bangalore,694899,17804, Petrol ,2018,Ford
417,Maruti Suzuki Swift,Pune,450599,62613, Petrol ,2013,Maruti
418,Hyundai i20 Asta,Bangalore,377999,56974, Petrol ,2010,Hyundai
419,Datsun Redi GO,Bangalore,491499,1405, Petrol ,2021,Datsun
420,Maruti Suzuki Omni,Chennai,89000,85000, Petrol,2008,Maruti
421,Hyundai Creta 1.6,Bangalore,1865000,8000, Petrol,2020,Hyundai
422,Datsun GO T,Kolkata,235000,29000, Petrol,2014,Datsun
423,Mahindra Bolero B6,Bangalore,1025000,22000, Diesel,2020,Mahindra
424,Volkswagen Polo GT,Pune,450000,118000, Petrol,2014,Volkswagen
425,Hyundai Creta 1.6,Pondicherry,1575000,23000, Diesel,2020,Hyundai
426,Maruti Suzuki Swift,Pondicherry,695000,34000, Diesel,2018,Maruti
427,Honda Civic 1.8V,Hyderabad,295000,87000, Petrol,2008,Honda
428,Hyundai Verna -,Pune,1171199,36965, Petrol ,2018,Hyundai
429,Honda WR V,Pune,625699,25526, Petrol ,2017,Honda
430,Hyundai Grand i10,Chennai,453199,20235, Petrol ,2016,Hyundai
431,Maruti Suzuki Vitara,Chennai,850499,61064, Diesel ,2018,Maruti
432,Maruti Suzuki Ignis,Chennai,548699,12558, Petrol ,2018,Maruti
433,Maruti Suzuki Alto,Bangalore,498799,14179, Petrol ,2019,Maruti
434,Honda City VX,Chennai,1377199,20379, Petrol ,2020,Honda
435,Ford Ecosport -,Pune,772799,42837, Petrol ,2017,Ford
436,Hyundai Elite i20,Chennai,572599,67473, Petrol ,2016,Hyundai
437,Honda City V,Bangalore,774899,27576, Petrol ,2016,Honda
438,Maruti Suzuki S,Pune,885099,80900, Diesel ,2017,Maruti
439,Hyundai Elite i20,Bangalore,687499,100934, Diesel ,2017,Hyundai
440,Hyundai Elite i20,Bangalore,567799,29060, Petrol ,2015,Hyundai
441,Hyundai i10 Magna,Chennai,398499,36129, Petrol ,2016,Hyundai
442,Maruti Suzuki Swift,Pune,348499,156442, Diesel ,2011,Maruti
443,Maruti Suzuki Wagon,Chennai,520899,48710, Petrol ,2018,Maruti
444,Ford Figo Diesel,Bangalore,225000,80000, Diesel,2012,Ford
445,Honda City SV,Bangalore,725000,57000, Petrol,2015,Honda
446,Honda CRV -,Hyderabad,240000,97000, LPG,2004,Honda
447,Honda Amaze 1.2,Pune,425000,44000, Petrol,2013,Honda
448,Maruti Suzuki Swift,Pune,500000,57000, Petrol,2015,Maruti
449,Maruti Suzuki Swift,Pune,250000,77000, Petrol,2008,Maruti
450,Maruti Suzuki Ritz,Pune,360000,81000, Petrol,2013,Maruti
451,Hyundai Creta 1.6,Pune,975000,41000, Petrol,2016,Hyundai
452,Ford Ecosport -,Pune,916799,20619, Petrol ,2018,Ford
453,Maruti Suzuki Wagon,Pune,480999,51149, Petrol + CNG ,2018,Maruti
454,Tata Nexon -,Bangalore,1043299,12978, Petrol ,2020,Tata
455,Honda City V,Bangalore,787399,40025, Petrol ,2016,Honda
456,Hyundai Grand i10,Bangalore,501599,63075, Petrol ,2016,Hyundai
457,Honda Brio -,Chennai,362999,78724, Petrol ,2012,Honda
458,Renault Kwid -,Pune,403199,12257, Petrol ,2018,Renault
459,Hyundai Venue -,Bangalore,1022599,26890, Diesel ,2019,Hyundai
460,Nissan Micra Active,Chennai,483199,20485, Petrol ,2018,Nissan
461,Hyundai EON Era,Chennai,321399,69220, Petrol ,2017,Hyundai
462,Maruti Suzuki Alto,Chennai,307999,41900, Petrol ,2017,Maruti
463,Maruti Suzuki Eeco,Bangalore,478599,11944, Petrol ,2019,Maruti
464,Maruti Suzuki Wagon,Chennai,405199,66143, Petrol ,2015,Maruti
465,Maruti Suzuki Alto,Chennai,314999,16563, Petrol ,2018,Maruti
466,Hyundai Elite i20,Pune,684599,14460, Petrol ,2016,Hyundai
467,Maruti Suzuki Alto,Bangalore,413099,47120, Petrol ,2018,Maruti
468,Chevrolet Cruze LTZ,Bangalore,345000,115000, Diesel,2011,Chevrolet
469,Renault Scala RxZ,Bangalore,385000,79200, Diesel,2013,Renault
470,Hyundai Verna 1.6,Chennai,690000,48877, Diesel,2016,Hyundai
471,Honda WRV VX,Mumbai,825000,32000, Petrol,2019,Honda
472,Toyota Corolla Altis,Mumbai,1425000,51000, Petrol,2018,Toyota
473,Maruti Suzuki Alto,Udaipur,295000,56000, Petrol,2014,Maruti
474,Tata Tiago Revotorq,Pune,700000,14000, Petrol,2022,Tata
475,Chevrolet Aveo -,Chennai,69000,79000, Petrol,2006,Chevrolet
476,Maruti Suzuki Swift,Chennai,501199,147960, Diesel ,2016,Maruti
477,Maruti Suzuki Wagon,Pune,357399,38766, Petrol ,2014,Maruti
478,Maruti Suzuki Eeco,Bangalore,494199,8409, Petrol ,2019,Maruti
479,Renault Kwid RxL,Bangalore,424099,20718, Petrol ,2019,Renault
480,Maruti Suzuki Baleno,Chennai,598299,51125, Petrol ,2017,Maruti
481,Hyundai Grand i10,Bangalore,477599,64459, Petrol ,2014,Hyundai
482,Maruti Suzuki Swift,Pune,447599,29467, Petrol ,2014,Maruti
483,Tata Nexon -,Pune,703999,18019, Petrol ,2017,Tata
484,Maruti Suzuki Celerio,Chennai,416099,40710, Petrol ,2016,Maruti
485,Maruti Suzuki S,Chennai,559099,1956, Petrol ,2021,Maruti
486,Renault Kwid -,Bangalore,463099,44696, Petrol,2017,Renault
487,Hyundai Grand i10,Bangalore,527099,21531, Petrol ,2018,Hyundai
488,Kia Seltos -,Pune,1517999,20989, Petrol ,2019,Kia
489,Hyundai i20 -,Chennai,431099,33901, Petrol ,2013,Hyundai
490,Hyundai Grand i10,Chennai,539799,54696, Petrol ,2018,Hyundai
491,MG Motors Hector,Bangalore,1800299,11292, Diesel ,2019,MG
492,Renault Duster 110,Pune,1025000,14000, Diesel,2020,Renault
493,Mahindra Logan -,Chennai,129000,97000, Diesel,2007,Mahindra
494,Tata Indigo CS,Chennai,79000,85000, Diesel,2007,Tata
495,Ford EcoSport Trend,Pune,525000,50000, Diesel,2014,Ford
496,Honda Jazz VX,Pune,565000,53000, Petrol,2016,Honda
497,Maruti Suzuki Wagon,Pune,435000,27000, Petrol,2016,Maruti
498,Maruti Suzuki Wagon,Pune,425000,52000, Petrol,2016,Maruti
499,Honda City ZX,Chennai,250000,149000, Petrol,2007,Honda
500,Hyundai Grand i10,Bangalore,616599,27317, Petrol ,2017,Hyundai
501,Hyundai Xcent -,Bangalore,466599,79784, Petrol ,2014,Hyundai
502,Audi Q3 -,Chennai,1656999,73656, Diesel ,2015,Audi
503,Tata Tiago -,Bangalore,562999,27664, Petrol ,2018,Tata
504,Hyundai Verna FLUIDIC,Bangalore,488899,41898, Petrol ,2012,Hyundai
505,Maruti Suzuki S,Chennai,514599,4889, Petrol ,2021,Maruti
506,Hyundai Grand i10,Chennai,495299,39836, Petrol ,2015,Hyundai
507,Honda Jazz -,Bangalore,752399,16108, Petrol ,2016,Honda
508,Hyundai Grand i10,Bangalore,474799,46111, Petrol ,2015,Hyundai
509,Maruti Suzuki Ciaz,Bangalore,849599,23761, Petrol ,2018,Maruti
510,Maruti Suzuki S,Bangalore,663199,146782, Diesel ,2016,Maruti
511,Hyundai Grand i10,Bangalore,566699,26597, Petrol ,2016,Hyundai
512,Maruti Suzuki Eeco,Chennai,471199,12323, Petrol ,2018,Maruti
513,Renault Kwid RXL,Bangalore,385499,3230, Petrol ,2017,Renault
514,Maruti Suzuki Swift,Chennai,491599,62059, Petrol ,2016,Maruti
515,Maruti Suzuki Baleno,Bangalore,725699,28188, Petrol ,2019,Maruti
516,Maruti Suzuki Wagon,Pune,350000,55000, Petrol,2013,Maruti
517,Maruti Suzuki SX4,Pune,210000,79000, Petrol,2009,Maruti
518,Tata Tiago XZA,Pune,460000,55000, Petrol,2017,Tata
519,BMW 5 Series,NaviMumbai,990000,49000, Petrol ,2010,BMW
520,Tata Indica Vista,Bangalore,190000,56000, Petrol,2009,Tata
521,Maruti Suzuki Ertiga,Pune,625000,83000, Petrol,2014,Maruti
522,Maruti Suzuki Baleno,Chennai,590000,39226, Petrol,2016,Maruti
523,Maruti Suzuki Swift,Chennai,740000,33901, Petrol,2019,Maruti
524,Hyundai Grand i10,Bangalore,640099,32877, Petrol ,2019,Hyundai
525,Maruti Suzuki Ignis,Chennai,575099,17283, Petrol ,2019,Maruti
526,Maruti Suzuki Ertiga,Bangalore,1081899,86033, Diesel ,2018,Maruti
527,Volkswagen Polo -,Bangalore,726399,17419, Petrol ,2018,Volkswagen
528,Maruti Suzuki Eeco,Bangalore,480399,24416, Petrol ,2019,Maruti
529,Renault Kwid RxL,Bangalore,369599,26700, Petrol ,2017,Renault
530,Maruti Suzuki Swift,Bangalore,451399,28979, Petrol ,2014,Maruti
531,Maruti Suzuki Eeco,Bangalore,494099,27150, Petrol ,2019,Maruti
532,Ford EcoSport -,Bangalore,1240899,3195, Petrol ,2020,Ford
533,Hyundai Eon Era,Bangalore,286199,26761, Petrol ,2013,Hyundai
534,Hyundai Grand i10,Bangalore,509399,71992, Petrol ,2017,Hyundai
535,Maruti Suzuki Alto,Bangalore,378099,27239, Petrol ,2016,Maruti
536,Honda Jazz -,Chennai,586699,36244, Petrol ,2016,Honda
537,Maruti Suzuki Vitara,Pune,906899,69807, Diesel ,2019,Maruti
538,Maruti Suzuki Vitara,Pune,882199,31803, Diesel ,2019,Maruti
539,Honda Jazz -,Bangalore,507999,92373, Petrol ,2015,Honda
540,Toyota Etios GD,Gurgaon,240000,200000, Diesel,2013,Toyota
541,Ford EcoSport Titanium,Bangalore,825000,46000, Diesel,2016,Ford
542,Toyota Innova 2.5,Bangalore,845000,179000, Diesel,2011,Toyota
543,Hyundai Grand i10,Bangalore,475000,59000, Petrol,2016,Hyundai
544,Hyundai Creta 1.6,Bangalore,1325000,72000, Diesel,2017,Hyundai
545,Hyundai Creta 1.6,Bangalore,1245000,56000, Diesel,2017,Hyundai
546,Mahindra XUV 500,Bangalore,975000,87000, Diesel,2014,Mahindra
547,Maruti Suzuki Vitara,Pune,782999,59612, Diesel ,2016,Maruti
548,Ford Ecosport -,Bangalore,623399,30212, Petrol ,2014,Ford
549,Maruti Suzuki Ignis,Chennai,548699,18113, Petrol ,2018,Maruti
550,Maruti Suzuki Alto,Bangalore,397099,48435, Petrol ,2018,Maruti
551,Maruti Suzuki Wagon,Bangalore,392099,29297, Petrol ,2015,Maruti
552,Maruti Suzuki Wagon,Bangalore,354599,53525, Petrol ,2012,Maruti
553,Honda Amaze -,Bangalore,719599,15890, Petrol ,2018,Honda
554,Honda WR V,Bangalore,834099,31694, Petrol ,2019,Honda
555,Maruti Suzuki Alto,Chennai,365899,36279, Petrol ,2017,Maruti
556,Hyundai i10 Sportz,Chennai,400899,33349, Petrol ,2015,Hyundai
557,Toyota Etios Liva,Chennai,320199,103182, Petrol ,2012,Toyota
558,Hyundai Xcent S,Chennai,457399,63048, Petrol ,2016,Hyundai
559,Maruti Suzuki Baleno,Chennai,717699,26358, Petrol ,2017,Maruti
560,Maruti Suzuki Wagon,Chennai,417299,18932, Petrol ,2017,Maruti
561,Maruti Suzuki Alto,Pune,323199,20369, Petrol ,2018,Maruti
562,Honda Jazz 1.2,Bangalore,633999,58769, Petrol ,2016,Honda
563,Ford EcoSport Trend,Pune,600000,52000, Diesel,2016,Ford
564,Volkswagen Polo Highline,Bangalore,795000,15000, Petrol,2019,Volkswagen
565,Maruti Suzuki Vitara,Pune,1000000,70000, Diesel,2019,Maruti
566,Hyundai i20 Asta,Pune,385000,52000, Petrol,2012,Hyundai
567,Hyundai i20 Asta,Pune,395000,32000, Petrol,2013,Hyundai
568,Toyota Fortuner 3.0,Chennai,1750000,155000, Diesel,2015,Toyota
569,Maruti Suzuki Swift,Chennai,600000,50000, Petrol,2017,Maruti
570,Mahindra Verito Executive,Kurnool,330000,120000, Diesel,2015,Mahindra
571,Hyundai Creta 1.6,Chennai,875999,123920, Diesel ,2017,Hyundai
572,Hyundai EON -,Pune,309399,17900, Petrol ,2016,Hyundai
573,Maruti Suzuki Baleno,Bangalore,658999,31041, Petrol ,2017,Maruti
574,Maruti Suzuki Wagon,Chennai,514099,61875, Petrol ,2018,Maruti
575,Hyundai Elite i20,Chennai,672899,29210, Petrol ,2016,Hyundai
576,Mahindra TUV300 -,Pune,620099,35826, Diesel ,2016,Mahindra
577,Ford Freestyle -,Bangalore,733999,29364, Petrol ,2019,Ford
578,Renault Triber -,Chennai,664699,16304, Petrol ,2021,Renault
579,Maruti Suzuki Swift,Chennai,454299,95731, Petrol ,2015,Maruti
580,Maruti Suzuki Swift,Bangalore,357499,31011, Petrol ,2010,Maruti
581,Maruti Suzuki Swift,Pune,447599,30601, Petrol ,2014,Maruti
582,Maruti Suzuki S,Bangalore,422299,14568, Petrol ,2019,Maruti
583,Toyota Etios V,Bangalore,449699,89559, Petrol ,2012,Toyota
584,Hyundai Grand i10,Bangalore,493499,48834, Petrol ,2014,Hyundai
585,Hyundai Elite i20,Chennai,605699,74190, Diesel ,2014,Hyundai
586,Ford EcoSport Titanium,Bangalore,755099,43077, Petrol ,2016,Ford
587,Maruti Suzuki Swift,Chennai,490000,58000, Petrol,2015,Maruti
588,Honda City 1.5,Chennai,450000,99000, Petrol,2011,Honda
589,Tata Indigo CS,Bangalore,160000,88500, Diesel,2009,Tata
590,Chevrolet Beat LT,Bangalore,215000,85000, Diesel,2012,Chevrolet
591,Honda City ZX,Pune,1150000,29000, Petrol,2019,Honda
592,Maruti Suzuki Wagon,Bangalore,349000,65000, Petrol,2015,Maruti
593,MG Motors Hector,Surat,1401000,16000, Petrol ,2020,MG
594,MG Motors Hector,Ahmedabad,1401000,16000, Petrol ,2020,MG
595,Maruti Suzuki Eeco,Bangalore,432699,17981, Petrol ,2018,Maruti
596,Maruti Suzuki Eeco,Chennai,418599,20780, Petrol ,2018,Maruti
597,Maruti Suzuki Alto,Chennai,275799,56719, Petrol ,2014,Maruti
598,Maruti Suzuki Wagon,Bangalore,456199,31108, Petrol ,2015,Maruti
599,Honda City -,Chennai,728499,33611, Petrol ,2016,Honda
600,Maruti Suzuki Alto,Chennai,431599,43700, Petrol ,2019,Maruti
601,Maruti Suzuki Ignis,Pune,533099,49920, Petrol ,2017,Maruti
602,Maruti Suzuki Swift,Bangalore,451399,57338, Petrol ,2014,Maruti
603,Hyundai Venue S,Bangalore,840699,23096, Petrol ,2020,Hyundai
604,Maruti Suzuki Swift,Chennai,486499,48732, Petrol ,2016,Maruti
605,Honda City -,Pune,450199,67924, Petrol ,2012,Honda
606,Maruti Suzuki Wagon,Chennai,418999,30418, Petrol ,2014,Maruti
607,Honda City -,Chennai,621299,50593, Petrol ,2014,Honda
608,Hyundai i20 Active,Chennai,508399,136381, Petrol ,2016,Hyundai
609,Maruti Suzuki Celerio,Pune,390999,46943, Petrol ,2015,Maruti
610,Maruti Suzuki Swift,Bangalore,675099,36277, Petrol ,2017,Maruti
611,BMW X5 xDrive30d,Madurai,3600000,110000, Diesel,2014,BMW
612,Kia Seltos HTX,Surat,1501000,5600, Diesel ,2021,Kia
613,Maruti Suzuki Swift,Madurai,825000,44000, Diesel,2019,Maruti
614,Maruti Suzuki Ertiga,Madurai,1100000,40000, Petrol,2019,Maruti
615,Kia Seltos HTX,Ahmedabad,1501000,5600, Diesel ,2021,Kia
616,Maruti Suzuki Wagon,Ahmedabad,130000,45000, Petrol ,2007,Maruti
617,Toyota Etios GD,Chennai,325000,150000, Diesel,2012,Toyota
618,Tata Indigo CS,Chennai,210000,90000, Diesel,2016,Tata
619,Hyundai Xcent -,Chennai,464199,70359, Diesel ,2015,Hyundai
620,Hyundai EON Era,Chennai,343999,42205, Petrol ,2017,Hyundai
621,Nissan Micra -,Chennai,441499,60539, Petrol ,2015,Nissan
622,Maruti Suzuki Dzire,Bangalore,684999,16533, Petrol ,2019,Maruti
623,Volkswagen Polo -,Pune,815399,26596, Petrol ,2017,Volkswagen
624,Hyundai Grand i10,Pune,468999,30912, Petrol ,2016,Hyundai
625,Hyundai Venue -,Bangalore,1194799,17951, Diesel ,2019,Hyundai
626,Volkswagen Polo -,Bangalore,599899,36928, Petrol ,2015,Volkswagen
627,Maruti Suzuki Dzire,Bangalore,710199,22854, Petrol ,2018,Maruti
628,Hyundai i20 -,Bangalore,474399,89156, Petrol ,2014,Hyundai
629,Maruti Suzuki Baleno,Chennai,701399,41999, Petrol ,2019,Maruti
630,Honda City -,Chennai,834599,66145, Petrol ,2017,Honda
631,Maruti Suzuki Alto,Bangalore,333699,29157, Petrol ,2017,Maruti
632,Hyundai EON Era,Chennai,349799,33882, Petrol ,2017,Hyundai
633,Hyundai EON Era,Bangalore,286199,29379, Petrol ,2013,Hyundai
634,Maruti Suzuki Alto,Bangalore,386699,17352, Petrol ,2019,Maruti
635,Toyota Fortuner 3.0,Chennai,1050000,195000, Diesel,2011,Toyota
636,Maruti Suzuki Swift,Chennai,695000,16189, Petrol,2020,Maruti
637,Maruti Suzuki Swift,Chennai,695000,41341, Diesel,2018,Maruti
638,Tata Tiago Revotorq,Pune,550000,62000, Diesel,2019,Tata
639,Hyundai Creta 1.6,Delhi,1300000,19000, Diesel ,2021,Hyundai
640,Maruti Suzuki Ritz,Jaipur,225000,56000, Petrol,2011,Maruti
641,Maruti Suzuki Wagon,Chennai,250000,91000, Petrol,2010,Maruti
642,Renault Triber -,Bangalore,659199,13486, Petrol ,2019,Renault
643,Hyundai Grand i10,Chennai,572599,33562, Petrol ,2018,Hyundai
644,Hyundai Verna -,Pune,1171199,13691, Petrol ,2018,Hyundai
645,Hyundai Grand i10,Bangalore,557199,31980, Petrol ,2017,Hyundai
646,Hyundai Grand i10,Chennai,531399,69526, Petrol ,2016,Hyundai
647,Maruti Suzuki Alto,Bangalore,426199,21492, Petrol ,2016,Maruti
648,Maruti Suzuki Celerio,Chennai,432999,47425, Petrol ,2016,Maruti
649,Hyundai Grand i10,Pune,458399,40988, Petrol ,2016,Hyundai
650,Jeep Compass -,Chennai,1465199,51983, Diesel ,2018,Jeep
651,Maruti Suzuki Vitara,Pune,783099,69376, Diesel ,2018,Maruti
652,Maruti Suzuki Swift,Chennai,562399,33094, Petrol ,2017,Maruti
653,Tata Tiago -,Bangalore,529199,26237, Petrol ,2017,Tata
654,Honda Brio -,Bangalore,447199,42415, Petrol ,2015,Honda
655,Hyundai Creta -,Pune,944099,112308, Diesel ,2016,Hyundai
656,Maruti Suzuki Celerio,Bangalore,452099,61427, Petrol ,2017,Maruti
657,MG Motors Hector,Bangalore,1917599,10205, Diesel ,2019,MG
658,Maruti Suzuki Alto,Chennai,179000,67000, Petrol,2011,Maruti
659,Toyota Innova 2.5,Chennai,775000,160000, Diesel,2010,Toyota
660,Maruti Suzuki Ertiga,Kolkata,425000,53000, Diesel,2013,Maruti
661,Maruti Suzuki Swift,Hyderabad,550000,59888, Petrol,2017,Maruti
662,Maruti Suzuki Ciaz,Hyderabad,795000,58492, Petrol ,2018,Maruti
663,Honda City 1.5,Kolkata,350888,45000, Petrol ,2011,Honda
664,Maruti Suzuki Swift,Kolkata,275000,48000, Diesel,2012,Maruti
665,Tata Nexon XZ,Chennai,890000,34000, Petrol,2018,Tata
666,Maruti Suzuki Swift,Chennai,580599,75691, Diesel ,2017,Maruti
667,Maruti Suzuki Alto,Chennai,223299,84301, Petrol ,2013,Maruti
668,Tata Tiago -,Bangalore,600399,38346, Petrol ,2019,Tata
669,Maruti Suzuki Alto,Chennai,367399,41530, Petrol ,2017,Maruti
670,Ford Ecosport -,Pune,704099,23049, Petrol ,2017,Ford
671,Maruti Suzuki Wagon,Bangalore,377899,74510, Petrol ,2016,Maruti
672,Maruti Suzuki Wagon,Bangalore,458699,20141, Petrol ,2016,Maruti
673,Ford Ecosport -,Chennai,566199,85860, Petrol ,2015,Ford
674,Maruti Suzuki Swift,Pune,594599,63133, Diesel ,2017,Maruti
675,Maruti Suzuki Dzire,Bangalore,678699,71894, Petrol ,2018,Maruti
676,Renault Duster -,Bangalore,883099,95627, Diesel ,2017,Renault
677,Ford Ecosport -,Pune,578099,75324, Diesel ,2014,Ford
678,Maruti Suzuki Alto,Pune,305899,64611, Petrol ,2015,Maruti
679,Maruti Suzuki Celerio,Bangalore,457399,77128, Petrol ,2016,Maruti
680,Maruti Suzuki Alto,Bangalore,316799,36306, Petrol ,2016,Maruti
681,Hyundai i20 Asta,Bangalore,399999,83803, Petrol ,2011,Hyundai
682,Mahindra XUV 500,Mumbai,1100000,44000, Diesel ,2018,Mahindra
683,Mahindra KUV100 K4,Chennai,325000,108000, Diesel,2018,Mahindra
684,Hyundai i20 Era,Chennai,550000,55000, Diesel,2018,Hyundai
685,Honda City 1.5,Kolkata,990888,700, Petrol ,2020,Honda
686,Mahindra Jeep CL,Ahmedabad,480000,25, Diesel,2020,Mahindra
687,Maruti Suzuki Gypsy,Hyderabad,500000,258, Petrol,2018,Maruti
688,Maruti Suzuki Swift,Chennai,390000,81152, Diesel,2011,Maruti
689,Toyota Fortuner 3.0,Chennai,1750000,155000, Diesel,2015,Toyota
690,Hyundai i20 Asta,Bangalore,399999,83803, Petrol ,2011,Hyundai
691,Hyundai Creta 1.6,Chennai,841499,75398, Petrol ,2017,Hyundai
692,Honda City ZX,Bangalore,1016899,42317, Petrol ,2017,Honda
693,Maruti Suzuki Swift,Bangalore,748599,60214, Diesel ,2018,Maruti
694,Maruti Suzuki Swift,Pune,622099,58861, Diesel ,2017,Maruti
695,Volkswagen Polo -,Pune,530699,27995, Petrol ,2016,Volkswagen
696,Maruti Suzuki Celerio,Bangalore,471899,61018, Petrol ,2017,Maruti
697,Maruti Suzuki Swift,Chennai,505399,67109, Petrol ,2015,Maruti
698,Maruti Suzuki Wagon,Chennai,460299,81811, Petrol ,2017,Maruti
699,Hyundai Verna 1.6,Pune,683999,27357, Petrol ,2017,Hyundai
700,Volkswagen Polo HIGHLINE1.2L,Bangalore,639699,53293, Petrol ,2018,Volkswagen
701,Maruti Suzuki Celerio,Bangalore,510499,45260, Petrol ,2017,Maruti
702,Hyundai Venue -,Pune,1185499,3139, Petrol ,2019,Hyundai
703,Maruti Suzuki Celerio,Bangalore,471899,44690, Petrol ,2017,Maruti
704,Hyundai Santro ASTA,Bangalore,579899,13858, Petrol ,2019,Hyundai
705,Maruti Suzuki Alto,Bangalore,333699,25256, Petrol ,2017,Maruti
706,Hyundai i20 Magna,Bangalore,385000,94000, Diesel,2012,Hyundai
707,Maruti Suzuki Ciaz,Delhi,590000,44100, Hybrid ,2016,Maruti
708,Honda Amaze 1.2,Kolkata,375888,47000, Petrol ,2016,Honda
709,Hyundai Santa Fe,Mumbai,775000,126000, Diesel,2012,Hyundai
710,Mahindra XUV 500,Kolkata,778888,46000, Diesel ,2015,Mahindra
711,Audi Q5 2.0,Mumbai,1850000,75000, Diesel,2014,Audi
712,Volvo XC60 D3,Mumbai,1750000,86000, Diesel ,2012,Volvo
713,Volkswagen Polo COMFORTLINE,Bangalore,582899,15227, Petrol ,2017,Volkswagen
714,Volkswagen Polo -,Chennai,414099,87375, Diesel ,2014,Volkswagen
715,Maruti Suzuki Eeco,Chennai,516599,7679, Petrol ,2020,Maruti
716,Maruti Suzuki Alto,Bangalore,366299,48378, Petrol ,2016,Maruti
717,Maruti Suzuki Wagon,Chennai,375899,54645, Petrol ,2014,Maruti
718,Maruti Suzuki Eeco,Chennai,493899,7211, Petrol ,2019,Maruti
719,Datsun Redi GO,Bangalore,311399,37217, Petrol ,2017,Datsun
720,Maruti Suzuki Eeco,Chennai,493899,32372, Petrol ,2019,Maruti
721,Maruti Suzuki Wagon,Chennai,501999,37947, Petrol ,2018,Maruti
722,Hyundai Grand i10,Pune,409399,51886, Petrol ,2014,Hyundai
723,Toyota Innova Crysta,Pune,1737899,43187, Diesel ,2018,Toyota
724,Hyundai i20 Active,Pune,583999,33616, Diesel ,2015,Hyundai
725,Volkswagen Vento -,Chennai,654299,91087, Diesel ,2015,Volkswagen
726,Ford Ecosport -,Bangalore,986699,26372, Petrol ,2018,Ford
727,Maruti Suzuki Celerio,Bangalore,414199,58762, Petrol ,2014,Maruti
728,Hyundai Elite i20,Chennai,588099,101920, Diesel ,2016,Hyundai
729,Maruti Suzuki Swift,Jaipur,490000,44000, Petrol,2014,Maruti
730,Mahindra Scorpio 2.6,Jaipur,225000,85000, Diesel,2007,Mahindra
731,Maruti Suzuki Vitara,Jaipur,775000,64000, Diesel,2017,Maruti
732,Kia Sonet -,Jaipur,1050000,13000, Diesel,2021,Kia
733,Honda Amaze 1.5,Jaipur,425000,76000, Diesel,2015,Honda
734,Maruti Suzuki Alto,Jaipur,275000,45000, Petrol,2015,Maruti
735,Tata Nexon XZ,Jaipur,875000,63088, Diesel,2019,Tata
736,Maruti Suzuki Alto,Chennai,250000,54123, Petrol,2013,Maruti
737,Hyundai i20 Active,Pune,567399,35140, Petrol ,2015,Hyundai
738,Maruti Suzuki Ciaz,Pune,805099,50842, Diesel ,2018,Maruti
739,Honda Amaze -,Pune,492199,43412, Petrol ,2015,Honda
740,Honda Jazz -,Pune,495799,46201, Petrol ,2016,Honda
741,Maruti Suzuki S,Bangalore,1113599,63626, Diesel ,2017,Maruti
742,Maruti Suzuki Alto,Chennai,299999,18251, Petrol ,2016,Maruti
743,Maruti Suzuki Baleno,Chennai,592099,41019, Petrol ,2016,Maruti
744,Renault Kwid RXT,Chennai,322299,46463, Petrol ,2015,Renault
745,Renault Kwid -,Bangalore,481999,20110, Petrol ,2017,Renault
746,Hyundai Grand i10,Pune,534599,17364, Petrol ,2016,Hyundai
747,MG Motors Hector,Bangalore,1681899,6760, Petrol ,2020,MG
748,Maruti Suzuki Celerio,Bangalore,429599,35109, Petrol ,2016,Maruti
749,Honda Amaze -,Chennai,723799,44266, Petrol ,2018,Honda
750,Volkswagen Polo -,Chennai,563299,39156, Petrol ,2017,Volkswagen
751,Maruti Suzuki Alto,Pune,214199,57993, Petrol ,2011,Maruti
752,Maruti Suzuki Alto,Bangalore,319399,51573, Petrol ,2015,Maruti
753,Fiat Punto Emotion,Pune,180000,88000, Petrol,2011,Fiat
754,Hyundai i20 Sportz,Pune,415000,67000, Petrol,2014,Hyundai
755,Maruti Suzuki Swift,Pune,350000,73000, Diesel,2011,Maruti
756,Hyundai Elite i20,Kolkata,430000,39000, Petrol,2015,Hyundai
757,Mahindra XUV 500,Thane,450000,87500, Diesel,2012,Mahindra
758,Honda Accord 2.4,Bhubaneswar,325000,86000, Petrol,2006,Honda
759,Hyundai Grand i10,Bangalore,565000,19900, Petrol,2017,Hyundai
760,Nissan Terrano XV,Madurai,880000,22000, Diesel,2013,Nissan
761,Maruti Suzuki Vitara,Bangalore,810399,78329, Diesel ,2016,Maruti
762,Maruti Suzuki Ertiga,Chennai,788999,61977, Diesel ,2016,Maruti
763,Mahindra KUV100 K6,Bangalore,508799,58640, Diesel ,2016,Mahindra
764,Renault Kwid -,Bangalore,457099,40650, Petrol ,2018,Renault
765,Volkswagen Polo -,Bangalore,612899,19121, Petrol ,2019,Volkswagen
766,Ford Ecosport -,Chennai,684099,85893, Diesel ,2016,Ford
767,Renault Triber -,Chennai,716699,9874, Petrol ,2019,Renault
768,Hyundai Grand i10,Bangalore,501599,25202, Petrol ,2016,Hyundai
769,Hyundai Grand i10,Chennai,509699,95999, Petrol ,2016,Hyundai
770,Maruti Suzuki Alto,Bangalore,337799,49074, Petrol ,2014,Maruti
771,Hyundai Verna 1.6,Pune,852399,52439, Petrol ,2017,Hyundai
772,Mahindra XUV 500,Bangalore,1784699,10813, Diesel ,2020,Mahindra
773,Hyundai Creta -,Chennai,778199,127971, Petrol ,2016,Hyundai
774,Maruti Suzuki Swift,Chennai,705099,114108, Diesel ,2018,Maruti
775,Hyundai Grand i10,Chennai,557599,52030, Diesel ,2017,Hyundai
776,Mahindra XUV 500,Pune,1518099,44721, Diesel ,2018,Mahindra
777,Mahindra Marazzo M6,Madurai,1190000,50000, Diesel,2018,Mahindra
778,Skoda Laura Ambition,Madurai,590000,95000, Diesel,2011,Skoda
779,Tata Harrier XZ,Madurai,1980000,17000, Diesel,2020,Tata
780,Mahindra XUV 500,Chennai,1350000,52500, Diesel,2018,Mahindra
781,BMW 5 Series,NaviMumbai,1059000,49000, Petrol ,2010,BMW
782,Maruti Suzuki Alto,Kolkata,185000,55000, Petrol ,2011,Maruti
783,Mahindra Scorpio 2.6,Chennai,710000,81500, Diesel,2014,Mahindra
784,Mercedes Benz E,Kolkata,1948888,10000, Diesel ,2013,Mercedes
785,Tata Harrier -,Bangalore,2272499,22667, Diesel ,2020,Tata
786,Honda City -,Bangalore,626199,68519, Petrol ,2014,Honda
787,Tata Nano -,Bangalore,236099,64011, Petrol ,2015,Tata
788,Maruti Suzuki Alto,Bangalore,430499,13598, Petrol ,2021,Maruti
789,Maruti Suzuki Wagon,Bangalore,442799,47037, Petrol ,2014,Maruti
790,Hyundai Creta -,Pune,1373699,69711, Petrol ,2018,Hyundai
791,Hyundai Elite i20,Pune,589299,49189, Petrol ,2015,Hyundai
792,Maruti Suzuki Alto,Chennai,298199,18368, Petrol ,2016,Maruti
793,Tata Harrier -,Pune,1508799,16874, Diesel ,2020,Tata
794,Maruti Suzuki Eeco,Bangalore,473699,24484, Petrol ,2019,Maruti
795,Maruti Suzuki Baleno,Chennai,656299,20688, Petrol ,2019,Maruti
796,Maruti Suzuki Alto,Chennai,345799,24065, Petrol ,2016,Maruti
797,Hyundai Grand i10,Chennai,584599,22609, Petrol ,2018,Hyundai
798,Skoda Rapid -,Pune,786799,56523, Diesel ,2017,Skoda
799,Hyundai Elite i20,Chennai,624799,48031, Petrol ,2018,Hyundai
800,Hyundai Grand i10,Chennai,472399,45578, Petrol ,2016,Hyundai
801,Hyundai Fluidic Verna,Kolkata,408888,70070, Diesel ,2012,Hyundai
802,Hyundai i10 Magna,Kolkata,288888,28000, Petrol ,2015,Hyundai
803,Chevrolet Sail 1.2,Kolkata,198888,30030, Diesel ,2013,Chevrolet
804,Ford Endeavor 4X4,Kolkata,898888,25000, Diesel ,2011,Ford
805,BMW 3 Series,Kolkata,1148888,8000, Diesel ,2013,BMW
806,Chevrolet Spark -,Chennai,79000,53000, Petrol,2010,Chevrolet
807,Honda City -,Chennai,97000,68000, Petrol,2007,Honda
808,Hyundai Santro GLS,Pune,135000,58000, Petrol,2007,Hyundai
809,Hyundai Elite i20,Bangalore,687199,28648, Petrol ,2016,Hyundai
810,Hyundai i10 Magna,Bangalore,387099,59819, Petrol ,2015,Hyundai
811,Maruti Suzuki Baleno,Chennai,650599,19574, Petrol ,2018,Maruti
812,Tata Hexa -,Chennai,1705799,46337, Diesel ,2019,Tata
813,Volkswagen Polo -,Bangalore,526899,73563, Petrol ,2015,Volkswagen
814,Honda Jazz -,Chennai,612799,51428, Petrol ,2016,Honda
815,Maruti Suzuki Alto,Chennai,269099,95754, Petrol ,2016,Maruti
816,Tata Hexa -,Chennai,1952199,34533, Diesel ,2019,Tata
817,Maruti Suzuki Baleno,Chennai,646299,50154, Petrol ,2016,Maruti
818,Maruti Suzuki Celerio,Bangalore,425899,23492, Petrol ,2016,Maruti
819,Maruti Suzuki Celerio,Bangalore,496399,37739, Petrol ,2017,Maruti
820,Maruti Suzuki Celerio,Bangalore,393799,46178, Petrol ,2015,Maruti
821,Maruti Suzuki Baleno,Chennai,619599,42893, Petrol ,2017,Maruti
822,Maruti Suzuki Alto,Pune,423599,57875, Petrol + CNG ,2019,Maruti
823,Hyundai Venue -,Pune,831999,4832, Petrol ,2020,Hyundai
824,Renault Triber -,Chennai,695099,27805, Petrol ,2019,Renault
825,Hyundai Xcent S,Ahmedabad,390000,71000, Diesel ,2014,Hyundai
826,Toyota Fortuner 3.0,Chennai,1350000,140000, Diesel,2013,Toyota
827,Toyota Innova 2.5,Chennai,1350000,70000, Diesel,2014,Toyota
828,Honda City ZX,Chennai,250000,75000, Petrol,2008,Honda
829,Maruti Suzuki Alto,Pune,145000,57000, Petrol,2009,Maruti
830,Maruti Suzuki Vitara,Pune,980000,57000, Diesel,2018,Maruti
831,Hyundai Creta 1.4,Pune,980000,91000, Diesel,2018,Hyundai
832,Hyundai i10 Sportz,Nagpur,195000,86000, Petrol,2009,Hyundai
833,Maruti Suzuki Alto,Chennai,261499,68844, Petrol ,2013,Maruti
834,Honda Jazz -,Chennai,649699,37070, Petrol ,2017,Honda
835,Hyundai Grand i10,Pune,494099,20393, Petrol ,2017,Hyundai
836,Maruti Suzuki Alto,Pune,313399,22244, Petrol ,2017,Maruti
837,Toyota Fortuner -,Chennai,2122099,47024, Diesel ,2016,Toyota
838,Hyundai Elite i20,Chennai,552799,64707, Petrol ,2015,Hyundai
839,Ford Ecosport -,Pune,490099,52149, Petrol ,2013,Ford
840,Hyundai Grand i10,Pune,638599,11203, Petrol ,2017,Hyundai
841,Maruti Suzuki Alto,Pune,374799,18071, Petrol ,2015,Maruti
842,Hyundai Elite i20,Chennai,517499,81412, Petrol ,2016,Hyundai
843,Maruti Suzuki Swift,Chennai,553899,41912, Petrol ,2016,Maruti
844,Maruti Suzuki Swift,Chennai,579199,32516, Petrol ,2016,Maruti
845,Hyundai Grand i10,Bangalore,531999,41552, Petrol ,2015,Hyundai
846,Hyundai Grand i10,Chennai,496199,21790, Petrol ,2018,Hyundai
847,Maruti Suzuki Baleno,Chennai,659099,34010, Petrol ,2019,Maruti
848,Hyundai Elite i20,Chennai,534799,50050, Petrol ,2016,Hyundai
849,Maruti Suzuki Ertiga,Chennai,950000,2000, Petrol,2019,Maruti
850,Maruti Suzuki Swift,Nagpur,265000,71000, Petrol,2010,Maruti
851,Hyundai i20 Asta,Chennai,650000,52000, Diesel,2015,Hyundai
852,Maruti Suzuki Swift,Chennai,650000,35000, Petrol,2018,Maruti
853,Renault Kwid RXT,Chennai,290000,41000, Petrol,2016,Renault
854,Tata Indigo LX,Bangalore,74999,125000, Diesel,2003,Tata
855,Maruti Suzuki Alto,Bangalore,155000,85000, Petrol,2006,Maruti
856,Chevrolet Optra -,Chennai,69000,85000, Petrol,2005,Chevrolet
857,Hyundai Grand i10,Chennai,496199,21790, Petrol ,2018,Hyundai
858,Maruti Suzuki Wagon,Chennai,298599,75822, Petrol ,2011,Maruti
859,Tata Tiago -,Bangalore,490199,28589, Petrol ,2016,Tata
860,Renault Kwid -,Bangalore,422999,15883, Petrol ,2017,Renault
861,Hyundai Elite i20,Chennai,656399,63648, Petrol ,2016,Hyundai
862,Maruti Suzuki Vitara,Pune,688599,156931, Diesel ,2016,Maruti
863,Maruti Suzuki XL6,Pune,1113299,13829, Petrol ,2019,Maruti
864,Maruti Suzuki Baleno,Pune,608399,28361, Petrol ,2016,Maruti
865,Hyundai Grand i10,Chennai,587399,77960, Petrol ,2017,Hyundai
866,Maruti Suzuki Celerio,Bangalore,449699,33473, Petrol ,2015,Maruti
867,Maruti Suzuki Eeco,Chennai,464899,29052, Petrol ,2019,Maruti
868,Maruti Suzuki Alto,Chennai,302699,68041, Petrol ,2017,Maruti
869,Maruti Suzuki Baleno,Bangalore,583299,61361, Petrol ,2015,Maruti
870,Honda BRV -,Bangalore,877999,32218, Petrol ,2018,Honda
871,Hyundai i10 Magna,Chennai,398499,28579, Petrol ,2016,Hyundai
872,Hyundai Grand i10,Chennai,529399,51343, Petrol ,2017,Hyundai
873,Chevrolet Optra -,Chennai,69000,85000, Petrol,2005,Chevrolet
874,Honda City 1.5,Hyderabad,700000,86868, Petrol,2016,Honda
875,Hyundai Accent -,Chennai,79000,85000, Petrol,2002,Hyundai
876,Maruti Suzuki Swift,Chennai,390000,77000, Petrol,2012,Maruti
877,Honda City V,Chennai,950000,35500, Petrol ,2017,Honda
878,Toyota Glanza G,Chennai,725000,19942, Petrol,2019,Toyota
879,Hyundai i20 Sportz,Bangalore,439000,16000, Petrol ,2012,Hyundai
880,Renault Kwid RxL,Bangalore,422299,17357, Petrol ,2019,Renault
881,Ford Figo Aspire,Bangalore,589999,14517, Petrol ,2017,Ford
882,Maruti Suzuki Baleno,Chennai,661299,13517, Petrol ,2017,Maruti
883,Maruti Suzuki Wagon,Chennai,429099,42302, Petrol ,2017,Maruti
884,Maruti Suzuki Celerio,Chennai,389399,65783, Petrol ,2015,Maruti
885,Renault Lodgy -,Chennai,629799,138716, Diesel ,2015,Renault
886,Hyundai i10 Sportz,Bangalore,397299,43339, Petrol ,2013,Hyundai
887,Maruti Suzuki Ignis,Pune,546399,19526, Petrol ,2018,Maruti
888,Maruti Suzuki Alto,Bangalore,412999,25673, Petrol ,2016,Maruti
889,Maruti Suzuki Celerio,Chennai,402799,93304, Petrol ,2016,Maruti
890,Hyundai Creta -,Chennai,915699,94409, Diesel ,2019,Hyundai
891,Maruti Suzuki Celerio,Chennai,361499,66799, Petrol,2014,Maruti
892,Hyundai EON -,Chennai,357899,27339, Petrol ,2016,Hyundai
893,Renault Kwid -,Pune,475399,9095, Petrol ,2018,Renault
894,Maruti Suzuki Eeco,Bangalore,485299,21934, Petrol ,2019,Maruti
895,Maruti Suzuki Baleno,Bangalore,643599,51706, Petrol ,2016,Maruti
896,Honda City ZX,Dwarka,1069999,54000, CNG ,2018,Honda
897,Honda City ZX,GirSomnath,1069999,54000, CNG ,2018,Honda
898,Honda City ZX,Anand,1069999,54000, CNG ,2018,Honda
899,Hyundai i20 Asta,Chennai,255000,90000, Petrol,2009,Hyundai
900,Tata Hexa -,Muzaffarnagar,1500000,85000, Diesel,2019,Tata
901,Mahindra XUV 500,Jaipur,650000,89000, Diesel,2014,Mahindra
902,Hyundai Santro Xing,Jaipur,175000,45000, Petrol,2010,Hyundai
903,Honda WRV VX,Kolkata,735000,34000, Petrol ,2018,Honda
904,Maruti Suzuki Wagon,Pune,438199,31281, Petrol ,2018,Maruti
905,Honda City -,Bangalore,924599,46312, Petrol ,2019,Honda
906,Hyundai Elite i20,Chennai,664099,32989, Petrol ,2018,Hyundai
907,Renault Kwid -,Bangalore,462299,50599, Petrol ,2018,Renault
908,Honda Brio -,Bangalore,438499,26127, Petrol ,2016,Honda
909,Maruti Suzuki Vitara,Bangalore,680999,58118, Diesel ,2016,Maruti
910,Maruti Suzuki Alto,Chennai,393199,23534, Petrol ,2019,Maruti
911,Maruti Suzuki Baleno,Chennai,646799,58978, Petrol ,2018,Maruti
912,Maruti Suzuki Wagon,Pune,349999,33103, Petrol ,2014,Maruti
913,Maruti Suzuki Eeco,Bangalore,419599,14600, Petrol ,2018,Maruti
914,Maruti Suzuki Baleno,Pune,585099,26049, Petrol ,2016,Maruti
915,Ford Freestyle -,Bangalore,627799,33895, Diesel ,2018,Ford
916,Volkswagen Polo -,Bangalore,520799,32893, Petrol ,2017,Volkswagen
917,Maruti Suzuki Swift,Chennai,410199,61717, Petrol ,2013,Maruti
918,Maruti Suzuki Wagon,Chennai,404399,82334, Petrol ,2017,Maruti
919,Hyundai Verna -,Chennai,682799,87381, Petrol ,2017,Hyundai
920,Land Rover Range,Chennai,4490000,51000, Diesel,2017,Land
921,Honda City ZX,Delhi,150000,85000, Petrol,2008,Honda
922,Porsche Cayenne Select,Mumbai,3300000,38000, Electric ,2011,Porsche
923,Toyota Innova 2.5,Bangalore,1175000,210000, Diesel ,2013,Toyota
924,Maruti Suzuki Ciaz,Bangalore,975000,24200, Petrol,2019,Maruti
925,MG Motors Hector,Trichy,2000000,28000, Diesel,2021,MG
926,Mahindra Bolero ZLX,Trichy,535000,135000, Diesel,2012,Mahindra
927,Ford Ecosport -,Pune,1045799,34642, Petrol ,2019,Ford
928,Maruti Suzuki Swift,Chennai,410199,154104, Petrol ,2013,Maruti
929,Maruti Suzuki Alto,Chennai,297299,61826, Petrol ,2016,Maruti
930,Tata Nexon -,Pune,980199,44751, Diesel ,2018,Tata
931,Honda Jazz -,Chennai,794299,5183, Petrol ,2019,Honda
932,Maruti Suzuki Swift,Pune,411899,136082, Diesel ,2012,Maruti
933,Maruti Suzuki Celerio,Chennai,557399,5817, Petrol ,2019,Maruti
934,Hyundai Creta -,Pune,896099,99138, Diesel ,2015,Hyundai
935,Honda Jazz -,Pune,637699,27936, Petrol ,2016,Honda
936,Maruti Suzuki Alto,Chennai,254499,39845, Petrol ,2014,Maruti
937,Maruti Suzuki Eeco,Chennai,457699,15615, Petrol ,2019,Maruti
938,Honda Brio -,Chennai,361599,53158, Petrol ,2012,Honda
939,Maruti Suzuki Baleno,Pune,675799,16002, Petrol ,2019,Maruti
940,Maruti Suzuki Wagon,Pune,389499,31133, Petrol ,2015,Maruti
941,Maruti Suzuki Baleno,Bangalore,625599,20172, Petrol ,2016,Maruti
942,Volkswagen Polo -,Bangalore,686999,69653, Petrol ,2013,Volkswagen
943,Maruti Suzuki Celerio,Trichy,425000,75000, Petrol,2015,Maruti
944,Renault Pulse RxL,Trichy,350000,132000, Diesel,2012,Renault
945,Skoda Rapid 1.5,Trichy,560000,84000, Diesel,2014,Skoda
946,Maruti Suzuki SX4,Trichy,250000,147000, Petrol,2007,Maruti
947,Hyundai Santro GLS,Uttarpara,90000,61000, Petrol,2008,Hyundai
948,Hyundai i10 Era,Delhi,200000,56000, Petrol,2012,Hyundai
949,Mahindra KUV100 K4,Chennai,325000,108000, Diesel,2018,Mahindra
950,Hyundai i20 Era,Chennai,620000,55000, Diesel,2018,Hyundai
951,Volkswagen Ameo Comfortline,Chennai,519699,26023, Petrol ,2017,Volkswagen
952,Maruti Suzuki Alto,Chennai,324599,19805, Petrol ,2018,Maruti
953,Maruti Suzuki Alto,Chennai,340199,41365, Petrol ,2017,Maruti
954,Ford Ecosport -,Chennai,693999,90001, Diesel ,2017,Ford
955,Hyundai EON Era,Chennai,310999,45285, Petrol ,2016,Hyundai
956,Maruti Suzuki Ciaz,Bangalore,722199,42441, Petrol ,2016,Maruti
957,Maruti Suzuki Celerio,Bangalore,485099,24342, Petrol ,2016,Maruti
958,Maruti Suzuki Dzire,Chennai,614999,14308, Petrol ,2017,Maruti
959,Maruti Suzuki Vitara,Pune,1061399,32456, Diesel ,2018,Maruti
960,Maruti Suzuki S,Pune,879699,58448, Diesel ,2018,Maruti
961,Maruti Suzuki Ertiga,Chennai,755199,86576, Diesel ,2016,Maruti
962,Ford Ecosport -,Bangalore,816399,50421, Petrol ,2018,Ford
963,Maruti Suzuki Eeco,Chennai,414299,26035, Petrol ,2017,Maruti
964,Tata Tiago -,Chennai,476299,23499, Petrol ,2018,Tata
965,Maruti Suzuki Baleno,Chennai,572599,25636, Petrol ,2016,Maruti
966,Kia Seltos -,Bangalore,1644799,15023, Petrol ,2019,Kia
967,Mahindra Jeep CL550,Kochi,440000,250, Diesel,2020,Mahindra
968,Volkswagen Vento Highline,Pune,575000,66000, Petrol,2015,Volkswagen
969,Toyota Innova 2.5,Bangalore,880000,85000, Diesel,2015,Toyota
970,Kia Carnival -,Chennai,1500000,50000, Diesel ,2020,Kia
971,Hyundai Creta -,Chennai,1000000,12000, Petrol ,2021,Hyundai
972,Chevrolet Beat -,Chennai,86000,56000, Petrol,2011,Chevrolet
973,Maruti Suzuki Wagon,Chennai,89000,53000, Petrol,2010,Maruti
974,Tata Nano CNG,Mumbai,90000,28000, Petrol,2014,Tata
975,Maruti Suzuki Alto,Bangalore,352199,22584, Petrol ,2015,Maruti
976,Maruti Suzuki Baleno,Bangalore,566899,22394, Petrol ,2017,Maruti
977,Maruti Suzuki Dzire,Chennai,650699,93563, Diesel ,2017,Maruti
978,Maruti Suzuki Eeco,Chennai,413399,10537, Petrol ,2017,Maruti
979,Ford Ecosport -,Chennai,645799,81515, Diesel ,2016,Ford
980,Jeep Compass -,Chennai,1551499,24676, Diesel ,2017,Jeep
981,Maruti Suzuki Alto,Pune,333699,11917, Petrol ,2017,Maruti
982,Maruti Suzuki Ertiga,Pune,811799,69654, Diesel ,2016,Maruti
983,Maruti Suzuki Alto,Pune,406899,16226, Petrol ,2017,Maruti
984,Ford Ecosport -,Pune,727299,8925, Petrol ,2018,Ford
985,Honda Jazz -,Bangalore,657399,27819, Petrol ,2016,Honda
986,Hyundai Grand i10,Bangalore,637599,26543, Petrol ,2020,Hyundai
987,Maruti Suzuki Dzire,Bangalore,623799,90088, Petrol ,2017,Maruti
988,Maruti Suzuki Eeco,Chennai,422899,34258, Petrol ,2018,Maruti
989,Hyundai i20 Active,Chennai,576099,101744, Petrol ,2015,Hyundai
990,Jeep Compass -,Pune,1987699,19830, Petrol ,2019,Jeep
991,Ford Ikon -,Chennai,39000,73000, Petrol,2007,Ford
992,Hyundai Grand i10,Dhanbad,475000,38000, Diesel,2019,Hyundai
993,Mahindra XUV 500,NaviMumbai,450000,87500, Diesel,2012,Mahindra
994,Maruti Suzuki Ertiga,Nagpur,650000,91000, Diesel,2014,Maruti
995,Maruti Suzuki Ritz,Nagpur,326000,76000, Diesel,2012,Maruti
996,Tata Indica Vista,Nagpur,170000,80000, Diesel,2011,Tata
997,Maruti Suzuki Eeco,Delhi,250000,70000, CNG,2013,Maruti
998,Maruti Suzuki Alto,Bangalore,88000,85000, Petrol,2007,Maruti
999,MG Motors Hector,Pune,1652199,13636, Petrol ,2019,MG
1000,Hyundai Venue -,Bangalore,1217499,21393, Petrol ,2019,Hyundai
1001,Hyundai Creta -,Pune,1198299,76915, Diesel ,2017,Hyundai
1002,Hyundai Grand i10,Chennai,590799,16300, Petrol ,2018,Hyundai
1003,Hyundai Elite i20,Pune,844999,40106, Diesel ,2019,Hyundai
1004,Renault Kwid RXT,Bangalore,328499,66461, Petrol ,2015,Renault
1005,Hyundai Creta -,Pune,769599,48182, Petrol ,2016,Hyundai
1006,Hyundai Elite i20,Bangalore,654299,41816, Petrol ,2017,Hyundai
1007,Hyundai i20 -,Chennai,395699,73841, Petrol ,2012,Hyundai
1008,Renault Kwid RxL,Chennai,294799,19908, Petrol ,2016,Renault
1009,Hyundai Elite i20,Chennai,534499,26226, Petrol ,2018,Hyundai
1010,Maruti Suzuki Baleno,Chennai,681399,43287, Petrol ,2016,Maruti
1011,Datsun Redi GO,Bangalore,415699,26527, Petrol ,2018,Datsun
1012,Maruti Suzuki Alto,Bangalore,300199,37801, Petrol ,2017,Maruti
1013,Maruti Suzuki Vitara,Chennai,856699,54044, Diesel ,2017,Maruti
1014,Ford Figo Aspire,Pune,481399,29632, Petrol ,2017,Ford
1015,Mahindra Xylo D2,Trichy,375000,115000, Diesel,2009,Mahindra
1016,Maruti Suzuki Eeco,Trichy,525000,13000, Petrol,2020,Maruti
1017,Maruti Suzuki Swift,Delhi,550000,42000, Diesel,2018,Maruti
1018,Hyundai i10 Magna,Bangalore,229000,65000, Petrol ,2014,Hyundai
1019,Maruti Suzuki Alto,Bangalore,275000,60000, Petrol,2014,Maruti
1020,Jeep Compass Limited,Mahasamund,1750000,31000, Diesel ,2017,Jeep
1021,Jeep Compass Limited,Bilaspur,1750000,31000, Diesel ,2017,Jeep
1022,Jeep Compass Limited,Jagdalpur,1750000,31000, Diesel ,2017,Jeep
